track_name,track_artist,playlist_genre,track_popularity
Die With A Smile,"Lady Gaga, Bruno Mars",pop,100
BIRDS OF A FEATHER,Billie Eilish,pop,97
That’s So True,Gracie Abrams,pop,93
Taste,Sabrina Carpenter,pop,81
APT.,"ROSÉ, Bruno Mars",pop,98
"Good Luck, Babe!",Chappell Roan,pop,94
Diet Pepsi,Addison Rae,pop,88
WILDFLOWER,Billie Eilish,pop,93
Sailor Song,Gigi Perez,pop,71
Timeless (with Playboi Carti),"The Weeknd, Playboi Carti",pop,92
Guess featuring billie eilish,"Charli xcx, Billie Eilish",pop,85
Please Please Please,Sabrina Carpenter,pop,88
2 hands,Tate McRae,pop,79
A Bar Song (Tipsy),Shaboozey,pop,86
HOT TO GO!,Chappell Roan,pop,88
Disease,Lady Gaga,pop,86
Moonlit Floor (Kiss Me),LISA,pop,82
Love Somebody,Morgan Wallen,pop,86
"I Love You, I'm Sorry",Gracie Abrams,pop,90
Move,"Adam Port, Stryv, Keinemusik, Orso, Malachiii",pop,86
"Sticky (feat. GloRilla, Sexyy Red & Lil Wayne)","Tyler, The Creator, GloRilla, Sexyy Red, Lil Wayne",pop,88
Espresso,Sabrina Carpenter,pop,90
Mantra,JENNIE,pop,89
Qué Pasaría...,"Rauw Alejandro, Bad Bunny",pop,82
NEW DROP,Don Toliver,pop,85
I Had Some Help (Feat. Morgan Wallen),"Post Malone, Morgan Wallen",pop,84
Too Sweet,Hozier,pop,77
No One Noticed,The Marías,pop,84
Tu Boda,"Oscar Maydon, Fuerza Regida",pop,93
Stargazing,Myles Smith,pop,88
WHATCHU KNO ABOUT ME (with Sexyy Red),"GloRilla, Sexyy Red",pop,70
we can't be friends (wait for your love),Ariana Grande,pop,81
Beautiful Things,Benson Boone,pop,85
DEGENERE 👑 (feat. benny blanco),"Myke Towers, benny blanco",pop,84
Touch,KATSEYE,pop,85
Lose Control,Teddy Swims,pop,89
Belong Together,Mark Ambor,pop,82
Si Antes Te Hubiera Conocido,KAROL G,pop,93
End of Beginning,Djo,pop,89
Fortnight (feat. Post Malone),"Taylor Swift, Post Malone",pop,84
Q U E V A S H A C E R H O Y ?,"Omar Courtz, De La Rose",pop,89
Not Like Us,Kendrick Lamar,pop,88
Running Wild,Jin,pop,85
+57,"KAROL G, Feid, DFZM, Ovy On The Drums, J Balvin, Maluma, Ryan Castro, Blessd",pop,84
Embrace It,Ndotz,pop,87
The Emptiness Machine,Linkin Park,pop,89
Who,Jimin,pop,92
Hotel California - 2013 Remaster,Eagles,rock,81
Thunderstruck,AC/DC,rock,83
Seven Nation Army,The White Stripes,rock,82
Creep,Radiohead,rock,86
Come As You Are,Nirvana,rock,76
Californication,Red Hot Chili Peppers,rock,81
Sweet Child O' Mine,Guns N' Roses,rock,84
"Paint It, Black",The Rolling Stones,rock,81
Dreams - 2004 Remaster,Fleetwood Mac,rock,84
Everlong,Foo Fighters,rock,81
I Love Rock 'N Roll,Joan Jett & the Blackhearts,rock,77
Dust in the Wind,Kansas,rock,79
"Another Brick in the Wall, Pt. 2",Pink Floyd,rock,74
Runaway,Bon Jovi,rock,72
Basket Case,Green Day,rock,80
Under the Bridge,Red Hot Chili Peppers,rock,82
White Wedding - Pt. 1,Billy Idol,rock,70
You Shook Me All Night Long,AC/DC,rock,81
(I Can't Get No) Satisfaction - Mono Version,The Rolling Stones,rock,76
Starman - 2012 Remaster,David Bowie,rock,76
Whole Lotta Love - 1990 Remaster,Led Zeppelin,rock,72
Riders on the Storm,The Doors,rock,70
Even Flow,Pearl Jam,rock,77
Born in the U.S.A.,Bruce Springsteen,rock,72
Bitter Sweet Symphony - Remastered 2016,The Verve,rock,79
Don't Cry (Original),Guns N' Roses,rock,75
All Along the Watchtower,Jimi Hendrix,rock,72
In The Air Tonight - 2015 Remastered,Phil Collins,rock,76
Psycho Killer - 2005 Remaster,Talking Heads,rock,76
Are You Gonna Go My Way,Lenny Kravitz,rock,71
Master of Puppets (Remastered),Metallica,rock,70
Everywhere - 2017 Remaster,Fleetwood Mac,rock,79
Have You Ever Seen The Rain,Creedence Clearwater Revival,rock,84
Just What I Needed,The Cars,rock,69
Smells Like Teen Spirit,Nirvana,rock,76
Killing In The Name,Rage Against The Machine,rock,78
Come Together - Remastered 2009,The Beatles,rock,75
Carry on Wayward Son,Kansas,rock,73
Song 2 - 2012 Remaster,Blur,rock,78
Where Is My Mind? - 2007 Remaster,Pixies,rock,76
Should I Stay or Should I Go - Remastered,The Clash,rock,80
Another One Bites The Dust - Remastered 2011,Queen,rock,71
Uprising,Muse,rock,75
For What It's Worth,Buffalo Springfield,rock,76
You Really Got Me - 2015 Remaster,Van Halen,rock,68
Black Hole Sun,Soundgarden,rock,76
Black Magic Woman - Single Version,Santana,rock,70
Fly Away,Lenny Kravitz,rock,73
Message In A Bottle,The Police,rock,75
Heroes - 2017 Remaster,David Bowie,rock,72
Immigrant Song - Remaster,Led Zeppelin,rock,75
Mr. Blue Sky,Electric Light Orchestra,rock,76
Back In Black,AC/DC,rock,83
Barracuda,Heart,rock,74
"Rocket Man (I Think It's Going To Be A Long, Long Time)",Elton John,rock,79
Heart-Shaped Box,Nirvana,rock,79
Life in the Fast Lane - 2013 Remaster,Eagles,rock,68
Africa,TOTO,rock,83
(Don't Fear) The Reaper,Blue Öyster Cult,rock,75
1979 - Remastered 2012,The Smashing Pumpkins,rock,77
Comfortably Numb,Pink Floyd,rock,71
Black Dog - Remaster,Led Zeppelin,rock,69
No One Knows,Queens of the Stone Age,rock,69
Long Train Runnin',The Doobie Brothers,rock,69
Loser,Beck,rock,69
American Pie,Don McLean,rock,74
Roxanne,The Police,rock,77
My Sharona,The Knack,rock,69
Walk On the Wild Side,Lou Reed,rock,74
The Boys Are Back In Town,Thin Lizzy,rock,70
Highway to Hell,AC/DC,rock,84
Vienna,Billy Joel,rock,79
Alive,Pearl Jam,rock,73
The Best,Tina Turner,rock,69
Give It Away,Red Hot Chili Peppers,rock,72
Good Riddance (Time of Your Life),Green Day,rock,79
The Boys Of Summer,Don Henley,rock,73
Break on Through (To the Other Side),The Doors,rock,72
Sabotage,Beastie Boys,rock,71
Pour Some Sugar On Me - Remastered 2017,Def Leppard,rock,72
Learn to Fly,Foo Fighters,rock,73
Hit Me With Your Best Shot,Pat Benatar,rock,70
Bullet With Butterfly Wings - Remastered 2012,The Smashing Pumpkins,rock,73
Interstate Love Song - 2019 Remaster,Stone Temple Pilots,rock,72
London Calling - Remastered,The Clash,rock,70
Wish You Were Here,Pink Floyd,rock,75
Free Fallin',Tom Petty,rock,75
No Rain,Blind Melon,rock,73
Panama - 2015 Remaster,Van Halen,rock,72
Would? (2022 Remaster),Alice In Chains,rock,72
Born to Run,Bruce Springsteen,rock,70
Unforgettable,Nat King Cole,jazz,69
"Tchaikovsky: Swan Lake, Op. 20, Act 2: No. 10, Scene. Moderato","Pyotr Ilyich Tchaikovsky, André Previn, London Symphony Orchestra",classical,68
"Sonata No. 14 ""Moonlight"" in C-Sharp Minor"", Op. 27 No. 2: I. Adagio sostenuto","Ludwig van Beethoven, Paul Lewis",classical,68
Experience,"Ludovico Einaudi, Daniel Hope, I Virtuosi Italiani",classical,75
HIM ALL ALONG,Gunna,hip-hop,76
Leave Me Alone,BigXthaPlug,hip-hop,71
PLUTOSKI,Future,hip-hop,73
WHATCHU KNO ABOUT ME (feat. Sexyy Red),"GloRilla, Sexyy Red",hip-hop,78
Insecurities,Lil Baby,hip-hop,70
Gang Baby,NLE Choppa,hip-hop,72
Help Me,Real Boston Richey,hip-hop,73
No Face,Drake,hip-hop,78
LIL DEMON,Future,hip-hop,77
2 Slippery (feat. BossMan Dlow),"Luh Tyler, BossMan Dlow",hip-hop,69
Sorry Not Sorry,"Lil Yachty, Veeze",hip-hop,70
ALL RED,Playboi Carti,hip-hop,81
I CAN’T LET GO,"Lil Tecca, Don Toliver",hip-hop,73
Chill Bae,Lil Uzi Vert,hip-hop,76
2AM,BigXthaPlug,hip-hop,69
It's Up (feat. Young Thug & 21 Savage),"Drake, Young Thug, 21 Savage",hip-hop,76
The Viper,BabyChiefDoit,hip-hop,68
Brokey,Latto,hip-hop,70
25,Rod Wave,hip-hop,76
Or What,"NLE Choppa, 41, Kyle Richh",hip-hop,77
Type Shit,"Future, Metro Boomin, Travis Scott, Playboi Carti",hip-hop,84
Thought I Was Dead (feat. ScHoolboy Q & Santigold),"Tyler, The Creator, ScHoolboy Q, Santigold",hip-hop,85
FIELD TRIP,"¥$, Playboi Carti, Don Toliver, Kodak Black",hip-hop,72
TEFLON DON,Future,hip-hop,74
Circadian Rhythm,Drake,hip-hop,79
The Largest,BigXthaPlug,hip-hop,68
Light Year (Practice),Lil Uzi Vert,hip-hop,73
Blow for Blow (feat. J. Cole),"Tee Grizzley, J. Cole",hip-hop,69
Rah Tah Tah,"Tyler, The Creator",hip-hop,87
Both Ways,Juice WRLD,hip-hop,73
NISSAN ALTIMA,Doechii,hip-hop,72
Tailor Swif,A$AP Rocky,hip-hop,74
GEEK TIMË,Yeat,hip-hop,72
Many Men (Wish Death),50 Cent,hip-hop,71
BAND4BAND (feat. Lil Baby),"Central Cee, Lil Baby",hip-hop,81
"Bent (with Kyle Richh, Jenn Carter & TaTa)","41, Kyle Richh, Jenn Carter, TaTa",hip-hop,68
Dior,Pop Smoke,hip-hop,76
SAY MY GRACE (feat. Travis Scott),"Offset, Travis Scott",hip-hop,70
6locc 6a6y,Lil Loaded,hip-hop,69
All My Life (feat. J. Cole),"Lil Durk, J. Cole",hip-hop,69
Superhero (Heroes & Villains) [with Future & Chris Brown],"Metro Boomin, Future, Chris Brown",hip-hop,79
Took Her To The O,King Von,hip-hop,78
Loading,Central Cee,hip-hop,70
née-nah,"21 Savage, Travis Scott, Metro Boomin",hip-hop,73
Love Sosa,Chief Keef,hip-hop,77
Drankin N Smokin,"Future, Lil Uzi Vert",hip-hop,70
Invincible,Pop Smoke,hip-hop,71
GATTI,"JACKBOYS, Pop Smoke, Travis Scott",hip-hop,69
The Woo (feat. 50 Cent & Roddy Ricch),"Pop Smoke, 50 Cent, Roddy Ricch",hip-hop,68
Neva Cared,Polo G,hip-hop,68
Mr. Glock,Key Glock,hip-hop,70
Runnin,"21 Savage, Metro Boomin",hip-hop,78
Armed & Dangerous,King Von,hip-hop,72
Coffin,Lil Yachty,hip-hop,70
Ready (feat. Gunna),"Lil Baby, Gunna",hip-hop,69
Russian Cream,Key Glock,hip-hop,69
Wants and Needs (feat. Lil Baby),"Drake, Lil Baby",hip-hop,73
Jimmy Cooks (feat. 21 Savage),"Drake, 21 Savage",hip-hop,80
"Crazy Story, Pt. 3",King Von,hip-hop,75
Pure Cocaine,Lil Baby,hip-hop,77
Ambition For Cash,Key Glock,hip-hop,73
family ties (with Kendrick Lamar),"Baby Keem, Kendrick Lamar",hip-hop,79
Glock In My Lap,"21 Savage, Metro Boomin",hip-hop,80
3 Headed Goat (feat. Lil Baby & Polo G),"Lil Durk, Lil Baby, Polo G",hip-hop,68
Run It Up (feat. Offset & Moneybagg Yo),"Lil Tjay, Offset, Moneybagg Yo",hip-hop,71
EVERY CHANCE I GET (feat. Lil Baby & Lil Durk),"DJ Khaled, Lil Baby, Lil Durk",hip-hop,70
Sticky,Drake,hip-hop,68
Mask Off,Future,hip-hop,81
On Me,Lil Baby,hip-hop,70
N95,Kendrick Lamar,hip-hop,75
Rich Nigga Shit (feat. Young Thug),"21 Savage, Metro Boomin, Young Thug",hip-hop,75
Surround Sound (feat. 21 Savage & Baby Tate),"JID, 21 Savage, Baby Tate",hip-hop,78
Imagina esse Cenário,"Matuê, Veigh",hip-hop,75
Yes Indeed,"Lil Baby, Drake",hip-hop,75
Wake Up & Bake Up,"Duki, Wiz Khalifa, Arcángel",hip-hop,72
M4,"Teto, Matuê",hip-hop,68
Diablita (feat. Anuel AA & Baby Rasta),"Trap Capos, Noriel, Anuel AA, Baby Rasta",hip-hop,70
Tessera sanitaria (feat. Nerissima Serpe & Papa V),"Night Skinny, Nerissima Serpe, Papa V",hip-hop,69
Bad and Boujee (feat. Lil Uzi Vert),"Migos, Lil Uzi Vert",hip-hop,70
That Go! (feat. T-Shyne),"Young Stoner Life, Young Thug, Meek Mill, T-Shyne",hip-hop,72
Me Acostumbre (feat. Bad Bunny),"Arcángel, Bad Bunny",hip-hop,68
Like That,"Future, Metro Boomin, Kendrick Lamar",hip-hop,83
Castlevania,Matuê,hip-hop,70
We Paid (feat. 42 Dugg),"Lil Baby, 42 Dugg",hip-hop,70
Brindis,"Duki, Headie One",hip-hop,73
Pa Ti,"Bad Bunny, Bryant Myers",hip-hop,72
Amigos y Enemigos (feat. Bad Bunny & Almighty) - Remix,"Trap Capos, Noriel, Bad Bunny, Almighty",hip-hop,70
Tu Me Enamoraste - Remix,"Lary Over, Anuel, Bryant Myers, Almighty, Brytiago",hip-hop,69
Nena Maldición (feat. Lenny Tavárez),"Paulo Londra, Lenny Tavárez",hip-hop,73
PUFFIN ON ZOOTIEZ,Future,hip-hop,77
1993,Matuê,hip-hop,73
Going Bad (feat. Drake),"Meek Mill, Drake",hip-hop,74
Un Día Más,"Duki, YSY A",hip-hop,71
De las 2 (feat. Bad Bunny & Arcángel),"Trap Capos, Noriel, Bad Bunny, Arcángel",hip-hop,69
Un Ratito Mas,"Bryant Myers, Bad Bunny",hip-hop,68
CANZONE D'ODIO (feat. Lil Baby),"Lazza, Lil Baby",hip-hop,73
Deus Perdoa,"Filipe Ret, Dallass, Hunter",hip-hop,68
Solo,Future,hip-hop,80
Cómo Le Digo,"KHEA, Omar Varela, Asan",hip-hop,68
Maturidade,"KayBlack, Wall Hein, AMUSIK",hip-hop,70
Problemas de um Milionário,"WIU, Teto",hip-hop,70
BOOKER T,Bad Bunny,hip-hop,72
SICKO MODE,Travis Scott,hip-hop,81
Too Many Nights (feat. Don Toliver & with Future),"Metro Boomin, Future, Don Toliver",hip-hop,82
Me Ama Me Odia,"Revol, Ozuna, Cosculluela, Arcángel, Brytiago",hip-hop,71
Hm Hm hm,Youka,afrobeats,68
Kese (Dance),Wizkid,afrobeats,75
Awuke,"Davido, YG Marley",afrobeats,76
Favourite Girl (with Rema),"Darkoo, Rema",afrobeats,68
Piece of My Heart (feat. Brent Faiyaz),"Wizkid, Brent Faiyaz",afrobeats,77
PUSH 2 START,Tyla,afrobeats,78
Fi Kan We Kan,"Bnxn, Rema",afrobeats,71
MMS,"Asake, Wizkid",afrobeats,72
Después De La 1,"Cris Mj, FloyyMenor, LOUKI",latin,86
Imagínate,"Danny Ocean, Kapo",latin,76
Kamikaze (feat. Victor Mendivil),"Natanael Cano, Uriel Gaxiola, Ganggy, Victor Mendivil",latin,72
NEL,Fuerza Regida,latin,88
DEPORTIVO,"Blessd, Anuel AA",latin,72
SEXO ES LA MODA,"Maria Becerra, Yandel",latin,74
Khé?,"Rauw Alejandro, Romeo Santos",latin,78
Ferxxoko,"Joyce Santana, Feid",latin,72
Nueva Era,"Duki, Myke Towers",latin,82
PELIGROSA,FloyyMenor,latin,81
Morena Canela,Chino Pacas,latin,79
DURO,Quevedo,latin,76
PIÉNSALO,Junior H,latin,84
EN MI MUNDO,"Jasiel Nuñez, Peso Pluma",latin,75
Soltera,Shakira,latin,86
SE ME OLVIDA,"Maisak, Feid",latin,84
Hecha Pa' Mí,Grupo Frontera,latin,82
SE TE NOTA (feat. Peso Pluma),"Myke Towers, Peso Pluma",latin,72
EL LOKERON,Tito Double P,latin,89
Ese Vato No Te Queda,"Carin Leon, Gabito Ballesteros",latin,75
Cholo 7,"Fuerza Regida, Luis R Conriquez",latin,75
KINTSUGI,HUMBE,latin,80
UWAIE,Kapo,latin,86
IA,"Clarent, Mora",latin,80
Siento que merezco más,LATIN MAFIA,latin,73
AY MAMÁ,"Tito Double P, Grupo Frontera",latin,85
En Otra Vida,"Yami Safdie, Lasso",latin,79
No Son Doritos,"Clave Especial, Luis R Conriquez",latin,81
Frente al Mar,Beéle,latin,79
Soltera - W Sound 01,"W Sound, Blessd, Ovy On The Drums",latin,82
DOS DÍAS,"Tito Double P, Peso Pluma",latin,88
NO PIERDO LA VIDA,"Calle 24, Chuyin",latin,77
Como Pacman,"Alemán, Gera MX",latin,68
Rey Sin Reina,Julión Álvarez y su Norteño Banda,latin,85
JACKPOT,"Belinda, Kenia OS",latin,73
noviogangsta <3,Emilia,latin,77
Bandoleros,"Don Omar, Tego Calderón",latin,68
Rucón,Alemán,latin,69
"Raataan Lambiyan (From ""Shershaah"")","Tanishk Bagchi, Jubin Nautiyal, Asees Kaur",indian,70
"Ranjha (From ""Shershaah"")","Jasleen Royal, B Praak, Romy, Anvita Dutt",indian,68
Shayad,"Pritam, Arijit Singh",indian,73
Agar Tum Saath Ho,"Alka Yagnik, Arijit Singh",indian,70
Khairiyat,"Pritam, Arijit Singh",indian,71
505,Arctic Monkeys,rock,84
Heads Will Roll,Yeah Yeah Yeahs,rock,68
Instant Crush (feat. Julian Casablancas),"Daft Punk, Julian Casablancas",rock,74
Are You Gonna Be My Girl,Jet,rock,72
Time to Pretend,MGMT,rock,73
Feel It Still,Portugal. The Man,rock,81
misses,Dominic Fike,rock,80
Wasted Summers,juju<3,rock,78
Feel It - From The Original Series “Invincible”,d4vd,rock,78
The Adults Are Talking,The Strokes,rock,77
3 Nights,Dominic Fike,rock,77
This Charming Man - 2011 Remaster,The Smiths,rock,77
Oysters In My Pocket,Royel Otis,rock,76
Fluorescent Adolescent,Arctic Monkeys,rock,76
You Get What You Give,New Radicals,rock,74
THE SHADE,Rex Orange County,rock,74
Vampire Empire,Big Thief,rock,73
Her,The American Dawn,rock,73
Not Strong Enough,"boygenius, Julien Baker, Phoebe Bridgers, Lucy Dacus",rock,72
Hell N Back,Bakar,rock,71
Ghostride,Crumb,rock,71
Someday,The Strokes,rock,69
Metamodernity,Vansire,rock,69
Breezeblocks,alt-J,rock,68
ROCKMAN,Mk.gee,rock,68
The Gambler,Kenny Rogers,country,73
Amarillo By Morning,George Strait,country,70
Mammas Don't Let Your Babies Grow up to Be Cowboys,"Waylon Jennings, Willie Nelson",country,68
Open Arms (feat. Travis Scott),"SZA, Travis Scott",r&b,80
Pink + White,Frank Ocean,r&b,87
Best Part (feat. H.E.R.),"Daniel Caesar, H.E.R.",r&b,84
My Boo,"USHER, Alicia Keys",r&b,79
Sure Thing,Miguel,r&b,85
Snooze,SZA,r&b,86
If I Ain't Got You,Alicia Keys,r&b,81
Poison,Brent Faiyaz,r&b,78
Family Affair,Mary J. Blige,r&b,78
With You,Chris Brown,r&b,74
Broken Clocks,SZA,r&b,80
Girl With The Tattoo Enter.lewd,Miguel,r&b,79
Best Time,Brent Faiyaz,r&b,80
Could've Been (feat. Bryson Tiller),"H.E.R., Bryson Tiller",r&b,75
Foolish,Ashanti,r&b,72
Fallin',Alicia Keys,r&b,76
Nobody Gets Me,SZA,r&b,84
Clouded,Brent Faiyaz,r&b,78
So Sick,Ne-Yo,r&b,78
The Boy Is Mine,"Brandy, Monica",r&b,73
Yo (Excuse Me Miss),Chris Brown,r&b,71
Kill Bill,SZA,r&b,86
Forever Yours,Brent Faiyaz,r&b,77
No One,Alicia Keys,r&b,76
Hey Daddy (Daddy's Home),USHER,r&b,76
Sativa,"Jhené Aiko, Swae Lee",r&b,76
Always On Time,"Ja Rule, Ashanti",r&b,72
ALL MINE,Brent Faiyaz,r&b,76
Heart Of A Woman,Summer Walker,r&b,74
U Remind Me,USHER,r&b,69
Stay Ready (What A Life),"Jhené Aiko, Kendrick Lamar",r&b,75
Love Galore (feat. Travis Scott),"SZA, Travis Scott",r&b,77
Been Away,Brent Faiyaz,r&b,75
No Love (with SZA),"Summer Walker, SZA",r&b,72
Burn,USHER,r&b,70
Miss Independent,Ne-Yo,r&b,77
Let Me Love You,Mario,r&b,75
Upset (feat. Tommy Richman & FELIX!),"Brent Faiyaz, FELIX!, Tommy Richman",r&b,75
Nights Like This (feat. Ty Dolla $ign),"Kehlani, Ty Dolla $ign",r&b,73
U Got It Bad,USHER,r&b,69
You,"Lloyd, Lil Wayne",r&b,73
Because Of You,Ne-Yo,r&b,74
Trust,Brent Faiyaz,r&b,75
Dilemma,"Nelly, Kelly Rowland",r&b,77
Love in This Club (feat. Young Jeezy),"USHER, Jeezy",r&b,74
Adorn,Miguel,r&b,68
The Weekend,SZA,r&b,73
Rehab (Winter In Paris),Brent Faiyaz,r&b,71
Language,"Paperboy Fabe, Brent Faiyaz",r&b,77
Confessions Part II,USHER,r&b,68
Something Just Like This,"The Chainsmokers, Coldplay",electronic,86
Give Me Everything (feat. Nayer),"Pitbull, AFROJACK, Ne-Yo, Nayer",electronic,84
Outside (feat. Ellie Goulding),"Calvin Harris, Ellie Goulding",electronic,82
The Nights,Avicii,electronic,82
Ride It,Regard,electronic,80
Cheerleader (Felix Jaehn Remix) - Radio Edit,"OMI, Felix Jaehn",electronic,80
Closer,"The Chainsmokers, Halsey",electronic,84
Faded,Alan Walker,electronic,80
Summer,Calvin Harris,electronic,81
In My Mind,"Dynoro, Gigi D'Agostino",electronic,80
Timber,"Pitbull, Kesha",electronic,82
Titanium (feat. Sia),"David Guetta, Sia",electronic,80
I Took A Pill In Ibiza - Seeb Remix,"Mike Posner, Seeb",electronic,79
Sugar (feat. Francesco Yates),"Robin Schulz, Francesco Yates",electronic,78
Waiting For Love,Avicii,electronic,78
On The Floor,"Jennifer Lopez, Pitbull",electronic,78
Don't Let Me Down,"The Chainsmokers, Daya",electronic,80
Blame (feat. John Newman),"Calvin Harris, John Newman",electronic,79
Wild Ones (feat. Sia),"Flo Rida, Sia",electronic,77
Get Lucky (Radio Edit) [feat. Pharrell Williams and Nile Rodgers],"Daft Punk, Pharrell Williams, Nile Rodgers",electronic,77
More Than You Know,Axwell /\ Ingrosso,electronic,77
In the Name of Love,"Martin Garrix, Bebe Rexha",electronic,77
This Girl (Kungs Vs. Cookin' On 3 Burners),"Kungs, Cookin' On 3 Burners",electronic,76
Scream & Shout,"will.i.am, Britney Spears",electronic,76
This Is What You Came For,"Calvin Harris, Rihanna",electronic,77
Alors on danse - Radio Edit,Stromae,electronic,75
We Found Love,"Rihanna, Calvin Harris",electronic,75
Waves - Robin Schulz Radio Edit,"Mr. Probz, Robin Schulz",electronic,75
Club Can't Handle Me (feat. David Guetta),"Flo Rida, David Guetta",electronic,76
Under Control (feat. Hurts),"Calvin Harris, Alesso, Hurts",electronic,76
Dancin (feat. Luvli) - Krono Remix,"Aaron Smith, Krono, Luvli",electronic,75
One More Time,Daft Punk,electronic,74
Firestone,"Kygo, Conrad Sewell",electronic,74
Perfect Strangers,"Jonas Blue, JP Cooper",electronic,74
Love Tonight (David Guetta Remix Edit),"Shouse, David Guetta",electronic,74
Runaway (U & I),Galantis,electronic,74
Middle,"DJ Snake, Bipolar Sunshine",electronic,73
Infinity 2008 - Klaas Vocal Edit,"Guru Josh Project, Klaas",electronic,73
King,Olly Alexander (Years & Years),electronic,73
Clarity,"Zedd, Foxes",electronic,73
"Hey Mama (feat. Nicki Minaj, Bebe Rexha & Afrojack)","David Guetta, AFROJACK, Bebe Rexha, Nicki Minaj",electronic,73
Ain't Nobody (Loves Me Better) (feat. Jasmine Thompson),"Felix Jaehn, Jasmine Thompson",electronic,73
Hear Me Now,"Alok, Zeeba, Bruno Martini",electronic,73
ily (i love you baby) (feat. Emilee),"Surf Mesa, Emilee",electronic,73
Summertime Sadness (Lana Del Rey Vs. Cedric Gervais) - Cedric Gervais Remix,"Lana Del Rey, Cedric Gervais",electronic,72
Dynamite,Taio Cruz,electronic,72
Rather Be (feat. Jess Glynne),"Clean Bandit, Jess Glynne",electronic,72
Breaking Me,"Topic, A7S",electronic,72
The Business,Tiësto,electronic,72
Stay,"Zedd, Alessia Cara",electronic,73
Party Rock Anthem,"LMFAO, Lauren Bennett, GoonRock",electronic,72
Roses,"The Chainsmokers, ROZES",electronic,71
I Love It (feat. Charli XCX),"Icona Pop, Charli xcx",electronic,71
Play Hard (feat. Ne-Yo & Akon),"David Guetta, Ne-Yo, Akon",electronic,71
Around the World,Daft Punk,electronic,71
This Is What It Feels Like,"Armin van Buuren, Trevor Guthrie",electronic,70
I'm an Albatraoz,"AronChupa, Little Sis Nora",electronic,70
Heroes (we could be),"Alesso, Tove Lo",electronic,70
You & Me - Flume Remix,"Disclosure, Eliza Doolittle, Flume",electronic,70
Let Me Go,Daniel Caesar,soul,70
FE!N (feat. Playboi Carti),"Travis Scott, Playboi Carti",gaming,88
Slow It Down,Benson Boone,gaming,87
Big Dawgs,"Hanumankind, Kalmi",gaming,85
I'm Good (Blue),"David Guetta, Bebe Rexha",gaming,85
Romantic Homicide,d4vd,gaming,85
New Woman (feat. ROSALÍA),"LISA, ROSALÍA",gaming,85
i like the way you kiss me,Artemas,gaming,84
Ransom,Lil Tecca,gaming,84
KEEP UP,Odetari,gaming,84
one of wun,Gunna,gaming,84
I Adore You (feat. Daecolm),"HUGEL, Topic, Arash, Daecolm",gaming,83
Black Friday (pretty like the sun),"Lost Frequencies, Tom Odell",gaming,83
I Can Do It With a Broken Heart,Taylor Swift,gaming,83
Apple,Charli xcx,gaming,83
Hope,XXXTENTACION,gaming,82
Happier,"Marshmello, Bastille",gaming,82
Sunflower - Spider-Man: Into the Spider-Verse,"Post Malone, Swae Lee",gaming,82
fukumean,Gunna,gaming,82
redrum,21 Savage,gaming,81
WAIT FOR U (feat. Drake & Tems),"Future, Drake, Tems",gaming,82
Miles On It,"Marshmello, Kane Brown",gaming,81
Moonlight,XXXTENTACION,gaming,81
Godzilla (feat. Juice WRLD),"Eminem, Juice WRLD",gaming,81
Addicted,"Zerb, The Chainsmokers, Ink",gaming,81
on one tonight,Gunna,gaming,82
Thank You (Not So Bad),"Dimitri Vegas & Like Mike, Tiësto, Dido, W&W, Dimitri Vegas, Like Mike",gaming,81
360,Charli xcx,gaming,81
Houdini,Eminem,gaming,81
The Box,Roddy Ricch,gaming,81
Lovin On Me,Jack Harlow,gaming,81
XO Tour Llif3,Lil Uzi Vert,gaming,81
Where Are You Now,"Lost Frequencies, Calum Scott",gaming,81
2055,Sleepy Hallow,gaming,80
Mood (feat. iann dior),"24kGoldn, iann dior",gaming,80
SLAY!,Eternxlkz,gaming,80
You & Me - Rivo Remix,"Disclosure, Eliza Doolittle, Rivo",gaming,79
Sprinter,"Dave, Central Cee",gaming,79
Somedays,"Sonny Fodera, Jazzy, D.O.D",gaming,79
Back On 74,Jungle,gaming,79
DEVIL IS A LIE,Tommy Richman,gaming,78
Whatever She Wants,Bryson Tiller,gaming,78
euphoria,Kendrick Lamar,gaming,78
Push Up - Main Edit,Creeds,gaming,77
Strangers,Kenya Grace,gaming,77
BACKBONE,"Chase & Status, Stormzy",gaming,77
FUNKED UP - SLOWED,"xxanteria, isq",gaming,77
Montagem Mysterious Game,LXNGVX,gaming,77
TUCA DONKA,"CURSEDEVIL, DJ FKU, Skorde",gaming,77
Paint The Town Red,Doja Cat,gaming,77
MONTAGEM - PR FUNK,"S3BZS, Mc Gw, Mc Menor Do Alvorada",gaming,77
Doja,Central Cee,gaming,77
Somebody (2024),"Gotye, FISHER, Chris Lake, Kimbra, Sante Sansone",gaming,77
Whatever,"Kygo, Ava Max",gaming,76
ONE CALL,Rich Amiri,gaming,76
IDGAF (feat. Yeat),"Drake, Yeat",gaming,76
Deep Down (feat. Never Dull),"Alok, Ella Eyre, Kenny Dope, Never Dull",gaming,76
Agora Hills,Doja Cat,gaming,76
CUTE DEPRESSED,Dyan Dxddy,gaming,76
BRODYAGA FUNK,Eternxlkz,gaming,75
LOVELY BASTARDS,"ZWE1HVNDXR, yatashigang",gaming,75
Boyz In Paris (with VINAI),"Marnik, Naeleck, VINAI",gaming,75
Watch This - ARIZONATEARS Pluggnb Remix,"Lil Uzi Vert, sped up nightcore, ARIZONATEARS",gaming,75
10:35,"Tiësto, Tate McRae",gaming,75
TOO COOL TO BE CARELESS,PAWSA,gaming,74
Automotivo Bibi Fogosa,"Bibi Babydoll, Dj Brunin XM, KZA Produções",gaming,74
Bones,Imagine Dragons,gaming,74
First Person Shooter (feat. J. Cole),"Drake, J. Cole",gaming,74
Atmosphere,"FISHER, Kita Alexander",gaming,73
9mm,"Memphis Cult, Groove Dealers, SPLYXER",gaming,73
edamame,"bbno$, Rich Brian",gaming,73
Breathe,Yeat,gaming,73
GOOD LOYAL THOTS,Odetari,gaming,73
Let's Go,Key Glock,gaming,73
GODS,"League of Legends, NewJeans",gaming,73
Stronger,Young Jonn,afrobeats,70
Are you there?,Ayo Maff,afrobeats,69
OZEBA,Rema,afrobeats,68
Constantly,"Hyce, BoyPee, Brown Joel",afrobeats,68
JUJU (feat. Shallipopi),"Smur Lee, ODUMODUBLVCK, Shallipopi",afrobeats,71
alone - Remix,"FOLA, Bnxn",afrobeats,68
Dealer,"Ayo Maff, Fireboy DML",afrobeats,68
アイドル,YOASOBI,j-pop,72
KICK BACK,Kenshi Yonezu,j-pop,72
ライラック,Mrs. GREEN APPLE,j-pop,77
青のすみか,Tatsuya Kitani,j-pop,71
Bling-Bang-Bang-Born,Creepy Nuts,j-pop,80
カーテンコール,Yuuri,j-pop,73
晴る,ヨルシカ,j-pop,70
Nobody - from Kaiju No. 8,OneRepublic,j-pop,69
Abyss - from Kaiju No. 8,YUNGBLUD,j-pop,68
絆ノ奇跡,"MAN WITH A MISSION, milet",j-pop,68
タイムパラドックス,Vaundy,j-pop,68
Master Of Puppets,Metallica,metal,75
The Trooper - 2015 Remaster,Iron Maiden,metal,71
Walk,Pantera,metal,73
Chop Suey!,System Of A Down,metal,83
Blind,Korn,metal,68
One,Metallica,metal,72
Mother,Danzig,metal,69
Cowboys from Hell,Pantera,metal,71
Duality,Slipknot,metal,80
Enter Sandman,Metallica,metal,79
Hail to the King,Avenged Sevenfold,metal,75
Freak On a Leash,Korn,metal,77
Dragula,Rob Zombie,metal,77
Nightmare,Avenged Sevenfold,metal,70
My Own Summer (Shove It),Deftones,metal,77
Schism,TOOL,metal,68
"Nuthin' But A ""G"" Thang","Dr. Dre, Snoop Dogg",hip-hop,76
Could You Be Loved,Bob Marley & The Wailers,reggae,79
Welcome To Jamrock,Damian Marley,reggae,68
Murder She Wrote,Chaka Demus & Pliers,reggae,68
Buffalo Soldier,Bob Marley & The Wailers,reggae,70
Still D.R.E.,"Dr. Dre, Snoop Dogg",hip-hop,81
Hypnotize - 2014 Remaster,The Notorious B.I.G.,hip-hop,78
Doo Wop (That Thing),Ms. Lauryn Hill,hip-hop,74
Do For Love,2Pac,hip-hop,74
"Shook Ones, Pt. II",Mobb Deep,hip-hop,74
I Got 5 On It,"Luniz, Michael Marshall",hip-hop,73
Still Not a Player (feat. Joe) - Radio Version,"Big Pun, Joe",hip-hop,72
Juicy - 2005 Remaster,The Notorious B.I.G.,hip-hop,73
C.R.E.A.M. (Cash Rules Everything Around Me),Wu-Tang Clan,hip-hop,72
Insane in the Brain,Cypress Hill,hip-hop,70
ATLiens,Outkast,hip-hop,70
N.Y. State of Mind,Nas,hip-hop,70
Check Yo Self - Remix,"Ice Cube, Das EFX",hip-hop,69
Dear Mama,2Pac,hip-hop,68
Survival of the Fittest,Mobb Deep,hip-hop,68
Mo Money Mo Problems (feat. Puff Daddy & Mase) - 2014 Remaster,"The Notorious B.I.G., Mase, Diddy",hip-hop,72
Can I Kick It?,A Tribe Called Quest,hip-hop,68
Keep Ya Head Up,2Pac,hip-hop,68
Everybody Wants To Rule The World,Tears For Fears,rock,85
Don't Stop Believin',Journey,rock,72
Dancing In the Dark,Bruce Springsteen,rock,82
You Give Love A Bad Name,Bon Jovi,rock,81
Summer Of '69,Bryan Adams,rock,80
Under Pressure - Remastered 2011,"Queen, David Bowie",rock,79
Start Me Up - Remastered 2009,The Rolling Stones,rock,76
Jump - 2015 Remaster,Van Halen,rock,75
The Final Countdown,Europe,rock,74
Hells Bells,AC/DC,rock,73
Every Little Thing She Does Is Magic,The Police,rock,73
I Won't Back Down,Tom Petty,rock,73
Wanted Dead Or Alive,Bon Jovi,rock,72
Run To You,Bryan Adams,rock,71
Rock the Casbah - Remastered,The Clash,rock,71
Hungry Like the Wolf - 2009 Remaster,Duran Duran,rock,71
How Soon Is Now? - 2011 Remaster,The Smiths,rock,71
Shout,Tears For Fears,rock,71
Separate Ways (Worlds Apart) [2023 Remaster],Journey,rock,70
Glory Days,Bruce Springsteen,rock,70
Edge of Seventeen - 2016 Remaster,Stevie Nicks,rock,69
Beds Are Burning - Remastered,Midnight Oil,rock,69
Don't Stand So Close To Me,The Police,rock,69
Hurts So Good,John Mellencamp,rock,69
Hysteria,Def Leppard,rock,69
Call Me,Blondie,rock,69
Fight For Your Right,Beastie Boys,rock,68
Every Rose Has Its Thorn - 2003 Remaster,Poison,rock,68
SPIDER,"GIMS, DYSTINCT",hip-hop,74
Bolide Noir,"Central Cee, JRK 19",hip-hop,70
MAMI WATA,"Gazo, Tiakola",hip-hop,68
ABCD,NAYEON,k-pop,73
Rockstar,LISA,k-pop,83
Supernova,aespa,k-pop,72
Armageddon,aespa,k-pop,74
Small girl (feat. D.O.),"Lee Young Ji, D.O.",k-pop,72
SPOT!,"ZICO, JENNIE",k-pop,78
How Sweet,NewJeans,k-pop,78
SHEESH,BABYMONSTER,k-pop,78
LIKE THAT,BABYMONSTER,k-pop,75
Smoothie,NCT DREAM,k-pop,69
Drama,aespa,k-pop,78
All I Want for Christmas Is You,Mariah Carey,pop,87
Last Christmas - Single Version,Wham!,pop,72
The Night We Met,Lord Huron,pop,88
Sweater Weather,The Neighbourhood,pop,90
I Wanna Be Yours,Arctic Monkeys,pop,90
See You Again (feat. Kali Uchis),"Tyler, The Creator, Kali Uchis",pop,90
Yellow,Coldplay,pop,89
That's What I Like,Bruno Mars,pop,88
Locked out of Heaven,Bruno Mars,pop,89
Bed Chem,Sabrina Carpenter,pop,90
Like Him (feat. Lola Young),"Tyler, The Creator, Lola Young",pop,87
Night Changes,One Direction,pop,89
Rockin' Around The Christmas Tree,Brenda Lee,pop,83
"One Of The Girls (with JENNIE, Lily Rose Depp)","The Weeknd, JENNIE, Lily-Rose Depp",pop,89
Just the Way You Are,Bruno Mars,pop,85
NIGHTS LIKE THIS,The Kid LAROI,pop,88
Iris,The Goo Goo Dolls,pop,87
In the End,Linkin Park,pop,88
Juno,Sabrina Carpenter,pop,87
Riptide,Vance Joy,pop,85
Heavy Is the Crown,Linkin Park,pop,78
Santa Tell Me,Ariana Grande,pop,82
Jingle Bell Rock,Bobby Helms,pop,80
LA INOCENTE,"Mora, Feid",latin,78
PERRO NEGRO,"Bad Bunny, Feid",latin,84
BUBALU,"Feid, Rema",latin,68
HACIENDO QUE ME AMAS,Bad Bunny,latin,71
Tan Bonita,Piso 21,latin,68
Tiroteo - Remix,"Marc Seguí, Rauw Alejandro, Pol Granch",latin,78
Cómo Te Atreves,Morat,latin,72
Tacones Rojos,Sebastian Yatra,latin,68
Fuera del mercado,Danny Ocean,latin,76
Ojitos Lindos,"Bad Bunny, Bomba Estéreo",latin,80
Otro Atardecer,"Bad Bunny, The Marías",latin,75
Yo No Soy Celoso,Bad Bunny,latin,70
Neverita,Bad Bunny,latin,75
Un Coco,Bad Bunny,latin,76
Andrea,"Bad Bunny, Buscabulla",latin,74
PROVENZA,KAROL G,latin,71
Inolvidable,"Ovy On The Drums, Beéle",latin,70
DESPECHÁ,ROSALÍA,latin,71
"Quevedo: Bzrp Music Sessions, Vol. 52","Bizarrap, Quevedo",latin,80
telepatía,Kali Uchis,latin,81
AMOR DE CINE,HUMBE,latin,71
Gato de Noche,"Ñengo Flow, Bad Bunny",latin,68
un x100to,"Grupo Frontera, Bad Bunny",latin,75
Si No Estás,iñigo quintero,latin,80
CLASSY 101,"Feid, Young Miko",latin,79
Martin & Gina,Polo G,arabic,78
Chosen 1,Polo G,arabic,68
Lemonade (feat. NAV),"Internet Money, Gunna, Don Toliver, NAV",arabic,77
Drip Too Hard (Lil Baby & Gunna),"Lil Baby, Gunna",arabic,79
Roll in Peace (feat. XXXTENTACION),"Kodak Black, XXXTENTACION",arabic,71
No Heart,"21 Savage, Metro Boomin",arabic,68
Pop Out (feat. Lil Tjay),"Polo G, Lil Tjay",arabic,74
Bank Account,21 Savage,arabic,72
Low Down,Lil Baby,arabic,72
10 Freaky Girls (with 21 Savage),"Metro Boomin, 21 Savage",arabic,73
Freestyle,Lil Baby,arabic,77
Walk Em Down (feat. Roddy Ricch),"NLE Choppa, Roddy Ricch",arabic,71
F.N,Lil Tjay,arabic,73
Baby (Lil Baby feat. DaBaby),"Quality Control, Lil Baby, DaBaby",arabic,72
back to the moon,Gunna,arabic,69
Stand By Me (feat. Morgan Wallen),"Lil Durk, Morgan Wallen",arabic,68
Lean Wit Me,Juice WRLD,arabic,77
Robbery,Juice WRLD,arabic,78
1400 / 999 Freestyle (feat. Juice WRLD),"Trippie Redd, Juice WRLD",arabic,69
Wishing Well,Juice WRLD,arabic,76
All Girls Are The Same,Juice WRLD,arabic,83
Black & White,Juice WRLD,arabic,71
Lonely At The Top,Asake,arabic,70
Goodbyes (feat. Young Thug),"Post Malone, Young Thug",arabic,74
Trance (with Travis Scott & Young Thug),"Metro Boomin, Travis Scott, Young Thug",arabic,82
Active,"Asake, Travis Scott",arabic,68
Life Goes On,"Lil Baby, Gunna, Lil Uzi Vert",arabic,72
Easy On Me,Adele,pop,77
Wrecking Ball,Miley Cyrus,pop,78
All of Me,John Legend,pop,83
Just Give Me a Reason (feat. Nate Ruess),"P!nk, Nate Ruess",pop,83
Counting Stars,OneRepublic,pop,71
Unstoppable,Sia,pop,77
Stick Season,Noah Kahan,pop,87
When I Was Your Man,Bruno Mars,pop,87
Story of My Life,One Direction,pop,86
Another Love,Tom Odell,pop,86
lovely (with Khalid),"Billie Eilish, Khalid",pop,86
Nonsense,Sabrina Carpenter,pop,86
Shape of You,Ed Sheeran,pop,86
Something in the Orange,Zach Bryan,pop,85
Say You Won't Let Go,James Arthur,pop,85
Perfect,Ed Sheeran,pop,86
The Scientist,Coldplay,pop,84
Skyfall,Adele,pop,84
Thunder,Imagine Dragons,pop,84
Lover,Taylor Swift,pop,84
Circles,Post Malone,pop,83
Heather,Conan Gray,pop,83
Ghost,Justin Bieber,pop,83
Maps,Maroon 5,pop,83
Photograph,Ed Sheeran,pop,84
Stitches,Shawn Mendes,pop,82
Fix You,Coldplay,pop,82
Fast Car,Luke Combs,pop,82
Before You Go,Lewis Capaldi,pop,81
Anti-Hero,Taylor Swift,pop,81
Complicated,Avril Lavigne,pop,81
Paradise,Coldplay,pop,81
Memories,Maroon 5,pop,82
Thinking out Loud,Ed Sheeran,pop,81
Drops of Jupiter (Tell Me),Train,pop,80
Dance The Night - From Barbie The Album,Dua Lipa,pop,80
I Ain't Worried,OneRepublic,pop,79
Try,P!nk,pop,79
This Love,Maroon 5,pop,82
7 Years,Lukas Graham,pop,79
Heartbreak Anniversary,Giveon,pop,79
Cold Heart - PNAU Remix,"Elton John, Dua Lipa, PNAU",pop,79
Like I'm Gonna Lose You (feat. John Legend),"Meghan Trainor, John Legend",pop,78
Until I Found You (with Em Beihold) - Em Beihold Version,"Stephen Sanchez, Em Beihold",pop,78
She Will Be Loved - Radio Mix,Maroon 5,pop,80
This Town,Niall Horan,pop,78
Lil Boo Thang,Paul Russell,pop,78
STAY (with Justin Bieber),"The Kid LAROI, Justin Bieber",pop,78
Stuck with U (with Justin Bieber),"Ariana Grande, Justin Bieber",pop,78
Marry You,Bruno Mars,pop,78
Dancing On My Own,Calum Scott,pop,78
Without Me,Halsey,pop,78
Leave Before You Love Me (with Jonas Brothers),"Marshmello, Jonas Brothers",pop,77
Best Day Of My Life,American Authors,pop,77
Sugar,Maroon 5,pop,78
The Middle,"Zedd, Maren Morris, Grey",pop,76
Lose You To Love Me,Selena Gomez,pop,76
Nothing Breaks Like a Heart (feat. Miley Cyrus),"Mark Ronson, Miley Cyrus",pop,76
Last Night,Morgan Wallen,pop,76
Royals,Lorde,pop,76
Bleeding Love,Leona Lewis,pop,75
A Thousand Miles,Vanessa Carlton,pop,75
Love Story (Taylor’s Version),Taylor Swift,pop,75
Señorita,"Shawn Mendes, Camila Cabello",pop,75
Wide Awake,Katy Perry,pop,74
I'm Yours,Jason Mraz,pop,74
Wherever You Will Go,The Calling,pop,74
Somebody That I Used To Know,"Gotye, Kimbra",pop,74
Girl on Fire,Alicia Keys,pop,74
You Know I'm No Good,Amy Winehouse,pop,74
Be Alright,Dean Lewis,pop,74
Someone To You,BANNERS,pop,74
Arcade,Duncan Laurence,pop,73
Fight Song,Rachel Platten,pop,73
Teenage Dream,Katy Perry,pop,73
What About Us,P!nk,pop,72
Demons,Imagine Dragons,pop,72
If You Love Her,Forest Blakk,pop,72
Issues,Julia Michaels,pop,72
You Say,Lauren Daigle,pop,72
If the World Was Ending (feat. Julia Michaels),"JP Saxe, Julia Michaels",pop,72
Halo,Beyoncé,pop,71
We Are Young (feat. Janelle Monáe),"fun., Janelle Monáe",pop,71
Back To Black,Amy Winehouse,pop,70
"10,000 Hours (with Justin Bieber)","Dan + Shay, Justin Bieber",pop,70
Rise Up,Andra Day,pop,70
Part Of Me,Katy Perry,pop,70
jar of hearts,Christina Perri,pop,69
Chandelier,Sia,pop,69
Control,Zoe Wees,pop,69
Starboy,"The Weeknd, Daft Punk",pop,87
Take on Me,a-ha,pop,84
Hips Don't Lie (feat. Wyclef Jean),"Shakira, Wyclef Jean",pop,84
Yeah! (feat. Lil Jon & Ludacris),"USHER, Lil Jon, Ludacris",pop,84
Shut Up and Dance,WALK THE MOON,pop,83
Livin' On A Prayer,Bon Jovi,pop,83
Wake Me Up,Avicii,pop,83
Toxic,Britney Spears,pop,83
Sweet Dreams (Are Made of This) - 2005 Remaster,"Eurythmics, Annie Lennox, Dave Stewart",pop,83
TiK ToK,Kesha,pop,83
Sorry,Justin Bieber,pop,83
Dancing Queen,ABBA,pop,82
The Way I Are,"Timbaland, Keri Hilson, D.O.E.",pop,82
DJ Got Us Fallin' In Love (feat. Pitbull),"USHER, Pitbull",pop,81
...Baby One More Time,Britney Spears,pop,81
Ms. Jackson,Outkast,pop,81
Poker Face,Lady Gaga,pop,81
Time of Our Lives,"Pitbull, Ne-Yo",pop,82
I Wanna Dance with Somebody (Who Loves Me),Whitney Houston,pop,81
Gimme More,Britney Spears,pop,80
24K Magic,Bruno Mars,pop,80
Girls Just Want to Have Fun,Cyndi Lauper,pop,80
Stereo Hearts (feat. Adam Levine),"Gym Class Heroes, Adam Levine",pop,80
Call Me Maybe,Carly Rae Jepsen,pop,80
No Lie,"Sean Paul, Dua Lipa",pop,80
SexyBack (feat. Timbaland),"Justin Timberlake, Timbaland",pop,80
I Gotta Feeling,Black Eyed Peas,pop,80
What Do You Mean?,Justin Bieber,pop,79
Don't Stop The Music,Rihanna,pop,79
Wannabe,Spice Girls,pop,79
"Moves Like Jagger - Studio Recording From ""The Voice"" Performance","Maroon 5, Christina Aguilera",pop,79
Oops!...I Did It Again,Britney Spears,pop,79
Tainted Love,Soft Cell,pop,79
Just Dance,"Lady Gaga, Colby O'Donis",pop,79
Candy Shop,"50 Cent, Olivia",pop,78
Gimme! Gimme! Gimme! (A Man After Midnight),ABBA,pop,78
Don't You Worry Child - Radio Edit,"Swedish House Mafia, John Martin",pop,78
Rock Your Body,Justin Timberlake,pop,78
Disturbia,Rihanna,pop,78
Believe,Cher,pop,78
Don't Go Breaking My Heart,"Elton John, Kiki Dee",pop,78
Can't Get You out of My Head,Kylie Minogue,pop,78
Temperature,Sean Paul,pop,78
Latch,"Disclosure, Sam Smith",pop,78
9 to 5,Dolly Parton,pop,78
Shake It Off,Taylor Swift,pop,78
Pon de Replay,Rihanna,pop,78
Lady - Hear Me Tonight,Modjo,pop,77
All That She Wants,Ace of Base,pop,77
Levels - Radio Edit,Avicii,pop,77
Billie Jean,Michael Jackson,pop,77
Feel This Moment (feat. Christina Aguilera),"Pitbull, Christina Aguilera",pop,77
Crazy In Love (feat. Jay-Z),"Beyoncé, JAY-Z",pop,77
Can't Hold Us (feat. Ray Dalton),"Macklemore, Ryan Lewis, Macklemore & Ryan Lewis, Ray Dalton",pop,76
Starships,Nicki Minaj,pop,76
No Diggity,"Blackstreet, Dr. Dre, Queen Pen",pop,76
Walking On Sunshine,Katrina & The Waves,pop,76
International Love (feat. Chris Brown),"Pitbull, Chris Brown",pop,77
Mamma Mia,ABBA,pop,76
Don't You Want Me,The Human League,pop,76
"CAN'T STOP THE FEELING! (from DreamWorks Animation's ""TROLLS"")",Justin Timberlake,pop,76
Boogie Wonderland,"Earth, Wind & Fire, The Emotions",pop,76
Con Calma,"Daddy Yankee, Snow",pop,76
Glad You Came,The Wanted,pop,76
Lean On (feat. MØ & DJ Snake),"Major Lazer, MØ, DJ Snake",pop,76
Good Feeling,Flo Rida,pop,76
Good Time,"Owl City, Carly Rae Jepsen",pop,75
Replay,Iyaz,pop,75
Break Free,"Ariana Grande, Zedd",pop,75
"Freed From Desire - prod. Molella, Phil Jay","Gala, Molella, Phil Jay",pop,75
Flashdance...What a Feeling - Radio Edit,Irene Cara,pop,75
Ride Wit Me,"Nelly, City Spud",pop,75
Mambo No. 5 (a Little Bit of...),Lou Bega,pop,75
Let's Groove,"Earth, Wind & Fire",pop,75
"Whenever, Wherever",Shakira,pop,74
Destination Calabria - Radio Edit,"Alex Gaudino, Crystal Waters",pop,74
Everybody (Backstreet's Back) - Radio Edit,Backstreet Boys,pop,74
Like a Prayer,Madonna,pop,74
Hot N Cold,Katy Perry,pop,74
Bye Bye Bye,*NSYNC,pop,74
Hot In Herre,Nelly,pop,74
Take A Chance On Me,ABBA,pop,74
Barbie Girl,Aqua,pop,74
Give It To Me,"Timbaland, Justin Timberlake, Nelly Furtado",pop,74
Just Can't Get Enough,Depeche Mode,pop,74
Stayin' Alive,Bee Gees,pop,74
Return of the Mack,Mark Morrison,pop,73
Don't Stop 'Til You Get Enough,Michael Jackson,pop,73
"December, 1963 (Oh What a Night!)",Frankie Valli & The Four Seasons,pop,73
Don't Worry (with Ray Dalton) - Radio Edit,"Madcon, Ray Dalton",pop,73
Livin' la Vida Loca,Ricky Martin,pop,73
Blurred Lines,"Robin Thicke, T.I., Pharrell Williams",pop,73
4 Minutes (feat. Justin Timberlake & Timbaland),"Madonna, Justin Timberlake, Timbaland",pop,73
Call on Me - Radio Mix,Eric Prydz,pop,73
Best of My Love,The Emotions,pop,73
Get Up (Rattle) [feat. Far East Movement] - Vocal Edit,"Bingo Players, Far East Movement",pop,72
Kiss,Prince,pop,73
Where Them Girls At (feat. Nicki Minaj & Flo Rida),"David Guetta, Flo Rida, Nicki Minaj",pop,72
I Kissed A Girl,Katy Perry,pop,72
Miami,Will Smith,pop,72
Coco Jamboo,Mr. President,pop,72
Born to Be Alive - The Original,Patrick Hernandez,pop,72
Music Sounds Better With You - Radio Edit,"Stardust, Benjamin Diamond, Alan Braxe, Thomas Bangalter",pop,72
Gangnam Style (강남스타일),PSY,pop,72
All Around The World (La La La),"R3HAB, A Touch Of Class",pop,71
The Sign,Ace of Base,pop,71
Don't Cha,"The Pussycat Dolls, Busta Rhymes",pop,71
U Can't Touch This,MC Hammer,pop,71
Love Really Hurts Without You,Billy Ocean,pop,71
Cotton Eye Joe,Rednex,pop,71
Born This Way,Lady Gaga,pop,71
Rockabye (feat. Sean Paul & Anne-Marie),"Clean Bandit, Sean Paul, Anne-Marie",pop,70
Tarzan Boy,Baltimora,pop,70
The Rhythm of the Night,Corona,pop,70
Never Forget You,"Zara Larsson, MNEK",pop,70
Ice Ice Baby,Vanilla Ice,pop,70
Beanie,Chezile,pop,82
the perfect pair,beabadoobee,pop,80
Nothing's New,Rio Romeo,pop,78
Bags,Clairo,pop,78
Tip Toe,HYBS,pop,76
For the First Time,Mac DeMarco,pop,80
Better,sign crushes motorist,pop,73
4EVER,Clairo,pop,73
In A Good Way,Faye Webster,pop,71
i wanna be your girlfriend,girl in red,pop,73
Like a Stone,Audioslave,rock,77
Do I Wanna Know?,Arctic Monkeys,rock,84
Ride,Twenty One Pilots,rock,80
Otherside,Red Hot Chili Peppers,rock,81
What I've Done,Linkin Park,rock,81
Decode,Paramore,rock,71
Breaking the Habit,Linkin Park,rock,74
BURN IT DOWN,Linkin Park,rock,76
New Divide,Linkin Park,rock,70
21 Guns,Green Day,rock,74
Everybody's Changing,Keane,rock,73
Leave Out All The Rest,Linkin Park,rock,71
I Don't Love You,My Chemical Romance,rock,74
Scar Tissue,Red Hot Chili Peppers,rock,82
Where Is My Mind?,Pixies,rock,72
CASTLE OF GLASS,Linkin Park,rock,74
Can't Stop,Red Hot Chili Peppers,rock,81
Black,Pearl Jam,rock,73
THE LONELIEST,Måneskin,rock,68
Ain't No Rest for the Wicked,Cage The Elephant,rock,76
Snow (Hey Oh),Red Hot Chili Peppers,rock,77
Supermassive Black Hole,Muse,rock,78
My Demons,STARSET,rock,70
Use Somebody,Kings of Leon,rock,76
Dani California,Red Hot Chili Peppers,rock,77
"Sex, Drugs, Etc.",Beach Weather,rock,73
In My Place,Coldplay,rock,74
Paralyzer,Finger Eleven,rock,74
Last Night on Earth,Green Day,rock,68
In the Shadows,The Rasmus,rock,71
Take Me Out,Franz Ferdinand,rock,80
Far Behind,Candlebox,rock,68
Just Like Heaven,The Cure,rock,73
By the Way,Red Hot Chili Peppers,rock,74
Two Faced,Linkin Park,rock,79
Starburster,Fontaines D.C.,rock,69
Beaches,beabadoobee,rock,69
Fear of the Dark - 2015 Remaster,Iron Maiden,metal,69
Seek & Destroy - Remastered,Metallica,metal,68
Dirty Little Secret,The All-American Rejects,punk,70
Gives You Hell,The All-American Rejects,punk,69
1985,Bowling For Soup,punk,69
Stacy's Mom,Fountains Of Wayne,punk,72
Misery Business,Paramore,punk,73
Call Me When You're Sober,Evanescence,punk,69
Sk8er Boi,Avril Lavigne,punk,77
I'm with You,Avril Lavigne,punk,73
My Happy Ending,Avril Lavigne,punk,70
The Anthem,Good Charlotte,punk,75
Ain't It Fun,Paramore,punk,71
Still into You,Paramore,punk,78
I Write Sins Not Tragedies,Panic! At The Disco,punk,72
All The Small Things,blink-182,punk,81
Wake Me up When September Ends,Green Day,punk,77
Bring Me To Life,Evanescence,punk,83
What the Hell,Avril Lavigne,punk,71
I Miss You,blink-182,punk,75
Boulevard of Broken Dreams,Green Day,punk,70
American Idiot,Green Day,punk,79
Beverly Hills,Weezer,punk,68
The Only Exception,Paramore,punk,74
I Think I'm OKAY (with YUNGBLUD & Travis Barker),"mgk, YUNGBLUD, Travis Barker",punk,68
My Own Worst Enemy,Lit,punk,74
Ocean Avenue,Yellowcard,punk,71
Face Down,The Red Jumpsuit Apparatus,punk,75
Miss Murder,AFI,punk,68
Thnks fr th Mmrs,Fall Out Boy,punk,77
Teenagers,My Chemical Romance,punk,79
Fat Lip,Sum 41,punk,73
What's My Age Again?,blink-182,punk,77
Feel Good Inc.,Gorillaz,punk,84
I'm Not Okay (I Promise),My Chemical Romance,punk,74
Hard Times,Paramore,punk,73
Helena,My Chemical Romance,punk,76
Famous Last Words,My Chemical Romance,punk,72
Na Na Na (Na Na Na Na Na Na Na Na Na),My Chemical Romance,punk,68
The Ghost of You,My Chemical Romance,punk,70
First Date,blink-182,punk,74
"Sugar, We're Goin Down",Fall Out Boy,punk,76
"Dance, Dance",Fall Out Boy,punk,75
The Rock Show,blink-182,punk,69
Holiday / Boulevard of Broken Dreams,Green Day,punk,69
Adam's Song,blink-182,punk,71
King For A Day,"Pierce The Veil, Kellin Quinn",punk,75
Bulls In The Bronx,Pierce The Veil,punk,68
Sacrifice,Elton John,blues,72
I Will Always Love You,Whitney Houston,blues,75
Against All Odds (Take a Look at Me Now) - 2016 Remaster,Phil Collins,blues,74
End Of The Road,Boyz II Men,blues,70
The Power of Love,Céline Dion,blues,71
"It Must Have Been Love - From the Film ""Pretty Woman""",Roxette,blues,77
You Are Not Alone,Michael Jackson,blues,68
Stuck On You,Lionel Richie,blues,69
Killing Me Softly With His Song,Roberta Flack,blues,70
Saving All My Love for You,Whitney Houston,blues,68
Only Time,Enya,blues,71
Apologize,OneRepublic,blues,69
I'm Alive,Céline Dion,blues,69
Kiss from a Rose,Seal,blues,71
Mad,Ne-Yo,blues,70
It's All Coming Back to Me Now,Céline Dion,blues,72
"Because You Loved Me (Theme from ""Up Close and Personal"")",Céline Dion,blues,74
Sexual Healing,Marvin Gaye,blues,73
All My Life,K-Ci & JoJo,blues,68
You're Beautiful,James Blunt,blues,75
Say My Name,Destiny's Child,blues,78
Baby,"Justin Bieber, Ludacris",blues,81
Drunk in Love (feat. Jay-Z),"Beyoncé, JAY-Z",blues,70
Down,"Jay Sean, Lil Wayne",blues,77
Love The Way You Lie,"Eminem, Rihanna",blues,83
Hate That I Love You,"Rihanna, Ne-Yo",blues,69
No Love,"Eminem, Lil Wayne",blues,68
Mirror,"Lil Wayne, Bruno Mars",blues,74
Baby Can I Hold You,Tracy Chapman,blues,72
So Into You,Tamia,blues,69
Stan,"Eminem, Dido",blues,79
We Belong Together,Mariah Carey,blues,74
Nothing's Gonna Change My Love for You,George Benson,blues,71
When I See U,Fantasia,blues,69
Another Day in Paradise - 2016 Remaster,Phil Collins,blues,77
Stand By Me,Ben E. King,blues,75
Beautiful Girls,Sean Kingston,blues,78
Sweet Home Alabama,Lynyrd Skynyrd,rock,78
Free Bird,Lynyrd Skynyrd,rock,75
Simple Man,Lynyrd Skynyrd,rock,73
S P E Y S I D E,Bon Iver,folk,72
Silver Lining,Mt. Joy,folk,74
To Build A Home,"The Cinematic Orchestra, Patrick Watson",folk,72
My Home,Myles Smith,folk,73
Stubborn Love,The Lumineers,folk,74
Thinking 'Bout Love,Wild Rivers,folk,71
i am not who i was,Chance Peña,folk,79
THINGS BEHIND THINGS BEHIND THINGS,Bon Iver,folk,69
Orange Juice,Noah Kahan,folk,73
Evergreen,Richy Mitch & The Coal Miners,folk,84
anything,Adrianne Lenker,folk,77
Work Song,Hozier,folk,77
Je te laisserai des mots,Patrick Watson,folk,83
Scared To Start,Michael Marcagi,folk,84
Big Black Car,Gregory Alan Isakov,folk,76
Turn out fine,Henrik,folk,68
Good To Be,Mark Ambor,folk,71
Homesick,Noah Kahan,folk,70
The Mountain Is You,Chance Peña,folk,69
Saturday Sun,Vance Joy,folk,69
Down by the Water,Ocie Elliott,folk,73
Walkin’ Back to Georgia,Jim Croce,folk,69
The Devil Wears a Suit and Tie,Colter Wall,folk,70
Heart of Gold,Neil Young,folk,71
Operator (That's Not the Way It Feels),Jim Croce,folk,71
A Horse with No Name,"America, George Martin",folk,76
Sleeping on the Blacktop,Colter Wall,folk,74
White Brown Black,"Avvy Sra, Karan Aujla, Jaani",indian,73
Brown Munde,"AP Dhillon, Gminxr, Gurinder Gill, Shinda Kahlon",indian,68
Can We Kiss Forever?,"Kina, Adriana Proenza",lofi,70
Get You The Moon (feat. Snøw),"Kina, Snøw",lofi,73
Behind Every Decision,Yehezkel Raz,classical,70
Stumblin' In,CYRIL,electronic,84
For Life (feat. Nile Rodgers),"Kygo, Zak Abel, Nile Rodgers",electronic,70
Hold Me,Lavern,electronic,72
Give It To Me - Full Vocal Mix,Matt Sassari,electronic,80
I Only Smoke When I Drink,nimino,electronic,79
It's Not Right But It's Okay,Mr. Belt & Wezol,electronic,77
Never Going Home Tonight (feat. Madison Love),"David Guetta, Alesso, Madison Love",electronic,77
Belly Dancer,"Imanbek, BYOR",electronic,77
Ferrari,"James Hype, Miggy Dela Rosa",electronic,76
(It Goes Like) Nanana - Edit,Peggy Gou,electronic,75
Baianá,Bakermat,electronic,75
Supernova Love,"IVE, David Guetta",electronic,74
Forever Young,"David Guetta, Alphaville, Ava Max",electronic,77
Mwaki,"Zerb, Sofiya Nzau",electronic,74
Alibi (feat. Rudimental),"Ella Henderson, Rudimental",electronic,74
Gatluak - Bakermat Remix,"Kronan, Nyaruach, Bakermat",electronic,73
21 Reasons (feat. Ella Henderson),"Nathan Dawe, Ella Henderson",electronic,73
K.O.,"LAVINIA, Ely Oaks",electronic,72
Move Your Body,"Öwnboss, Sevek",electronic,72
Around The World,"Niklas Dee, René Miller",electronic,72
Where Did You Go? (feat. MNEK),"Jax Jones, MNEK",electronic,71
Good Love,"Hannah Laing, RoRo",electronic,71
Never Walk Alone,"BLOND:ISH, Stevie Appleton",electronic,71
adore u,"Fred again.., Obongjayar",electronic,70
Hold On Me,"Kygo, Sandro Cavazza",electronic,68
Makeba - Ian Asher Remix,"Jain, Ian Asher",electronic,69
Tantalizing,"Tiësto, Soaky Siren",electronic,69
World Gone Wild (feat. Sam Martin),"Robin Schulz, CYRIL, Sam Martin",electronic,69
Whistle (feat. Calum Scott),"Jax Jones, Calum Scott",electronic,69
Born To Love Ya,"Gabry Ponte, Sean Paul, NATTI NATASHA",electronic,69
Love Is The Only Thing,Lost Frequencies,electronic,68
2 Times,"Dimitri Vegas, Steve Aoki, Ann Lee, Sound Of Legend",electronic,68
Deep In Your Love,"Alok, Bebe Rexha",electronic,68
Happier (feat. Clementine Douglas),"The Blessed Madonna, Clementine Douglas",electronic,68
Honey Boy (feat. Nile Rodgers & Shenseea),"Purple Disco Machine, Benjamin Ingrosso, Nile Rodgers, Shenseea",electronic,68
Alone,Marshmello,electronic,68
El Listón De Tu Pelo,Los Ángeles Azules,latin,71
17 Años,Los Ángeles Azules,latin,68
Piensa En Mí,Grupo Mojado,latin,73
Gata Only (Remix),"FloyyMenor, Ozuna, Anitta",latin,73
ADIVINO,"Myke Towers, Bad Bunny",latin,77
REINA,"Mora, SAIKO",latin,71
HIBIKI,"Bad Bunny, Mora",latin,70
MONACO,Bad Bunny,latin,77
FINA,"Bad Bunny, Young Miko",latin,73
DILUVIO,Rauw Alejandro,latin,81
QLONA,"KAROL G, Peso Pluma",latin,83
WHERE SHE GOES,Bad Bunny,latin,74
Coco Chanel,"Eladio Carrion, Bad Bunny",latin,73
La Jumpa,"Arcángel, Bad Bunny",latin,69
Me Porto Bonito,"Bad Bunny, Chencho Corleone",latin,81
Efecto,Bad Bunny,latin,79
Tití Me Preguntó,Bad Bunny,latin,79
Tarot,"Bad Bunny, JHAYCO",latin,76
La Corriente,"Bad Bunny, Tony Dize",latin,73
MEMORIAS,"Mora, JHAYCO",latin,73
Pa' Que Retozen,Tego Calderón,latin,78
Volví,"Aventura, Bad Bunny",latin,74
Volando - Remix,"Mora, Bad Bunny, Sech",latin,73
Yonaguni,Bad Bunny,latin,75
TE MUDASTE,Bad Bunny,latin,72
LA NOCHE DE ANOCHE,"Bad Bunny, ROSALÍA",latin,74
"Yo x Ti, Tu x Mi","ROSALÍA, Ozuna",latin,69
DÁKITI,"Bad Bunny, JHAYCO",latin,75
Hasta Que Dios Diga,"Anuel AA, Bad Bunny",latin,74
Safaera,"Bad Bunny, Jowell & Randy, Ñengo Flow",latin,72
La Difícil,Bad Bunny,latin,70
A Tu Merced,Bad Bunny,latin,73
Si Veo a Tu Mamá,Bad Bunny,latin,74
La Zona,Bad Bunny,latin,68
Yo Perreo Sola,Bad Bunny,latin,69
Fantasias,"Rauw Alejandro, Farruko",latin,71
Velitas,"Darell, Brytiago",latin,70
LA CANCIÓN,"J Balvin, Bad Bunny",latin,82
QUE PRETENDES,"J Balvin, Bad Bunny",latin,75
Callaita,"Bad Bunny, Tainy",latin,72
Con Altura,"ROSALÍA, J Balvin, El Guincho",latin,69
Verte Ir,"DJ Luian, Mambo Kingz, Anuel AA, Nicky Jam, Darell, Brytiago",latin,69
Mayores,"Becky G, Bad Bunny",latin,70
512,"Mora, JHAYCO",latin,74
Ay Vamos,J Balvin,latin,72
Borro Cassette,Maluma,latin,82
6 AM,"J Balvin, Farruko",latin,69
Sensualidad,"Bad Bunny, Prince Royce, J Balvin, Mambo Kingz, DJ Luian",latin,69
Sigue Bailandome,"Yannc, Darkiel, Eladio Carrion, Brray, Myke Towers",latin,70
No Es Justo,"J Balvin, Zion & Lennox",latin,69
Una Vez,"Bad Bunny, Mora",latin,74
Una Locura,"Ozuna, J Balvin, Chencho Corleone",latin,69
Bandido,"Myke Towers, Juhn",latin,70
UN PESO,"J Balvin, Bad Bunny, Marciano Cantero",latin,75
EL MAKINON,"KAROL G, Mariah Angeliq",latin,70
Pepas,Farruko,latin,76
ALMAS GEMELAS,Myke Towers,latin,69
Bichiyal,"Bad Bunny, Yaviah",latin,70
Lo Siento BB:/ (with Bad Bunny & Julieta Venegas),"Tainy, Bad Bunny, Julieta Venegas",latin,70
MAMIII,"Becky G, KAROL G",latin,69
Desesperados,"Rauw Alejandro, Chencho Corleone",latin,68
Te Felicito,"Shakira, Rauw Alejandro",latin,70
Después de la Playa,Bad Bunny,latin,71
Moscow Mule,Bad Bunny,latin,79
Agosto,Bad Bunny,latin,71
Hola - Remix,"Dalex, Lenny Tavárez, Chencho Corleone, Juhn, Dímelo Flow",latin,70
GATÚBELA,"KAROL G, Maldy",latin,68
¿Qué Nos Pasó?,Anuel AA,latin,71
Sexo Virtual,Rauw Alejandro,latin,70
Nostálgico,"Rvssian, Rauw Alejandro, Chris Brown",latin,70
La Bebe - Remix,"Yng Lvcas, Peso Pluma",latin,79
QUEMA,"Ryan Castro, Peso Pluma, SOG",latin,74
LALA,Myke Towers,latin,82
Lollipop,Darell,latin,71
Pa Ti Estoy,"Ozuna, Anuel AA, Chris Jedi",latin,72
Corazón Roto - Remix,"Brray, JHAYCO, Ryan Castro",latin,69
El Efecto - Remix,"Rauw Alejandro, Chencho Corleone, KEVVO, Bryant Myers, Lyanno, Dalex",latin,68
BELLAKEO,"Peso Pluma, Anitta",latin,75
Si Se Da - Remix,"Myke Towers, Farruko, Arcángel, Sech, Zion",latin,72
Nada,"Cazzu, Lyanno, Rauw Alejandro, Dalex",latin,71
Santa,"Rvssian, Rauw Alejandro, Ayra Starr",latin,79
Guay,"Ozuna, Bad Gyal",latin,69
HASTA ABAJO,"KEVIN ROLDAN, Bryant Myers, Lyanno",latin,69
BBY BOO - REMIX,"iZaak, JHAYCO, Anuel AA",latin,75
SI NO ES CONTIGO,Cris Mj,latin,85
Gata Only,"FloyyMenor, Cris Mj",latin,87
ELOVRGA,"Alex Favela, Grupo Marca Registrada, Joaquin Medina",latin,75
Porno,"Rich Music LTD, Sech, Dalex, Justin Quiles, Lenny Tavárez, Feid",latin,70
Que Se Cuide,"Luis R Conriquez, Joel De La P, Chimbala",latin,71
Mejores Jordans,"Victor Mendivil, Oscar Maydon",latin,83
APAGA EL CEL,"FloyyMenor, Lewis Somes",latin,76
LUNA,"Feid, ATL Jacob",latin,88
TU TA RICA,"FloyyMenor, Lewis Somes",latin,76
Parado no Bailão,"MC L da Vinte, MC Gury",brazilian,73
Se Voce Nao Quer Passa a Vez,"Mc Delux, DJ Guih Da ZO",brazilian,70
BRAZILIAN DANÇA PHONK,"6YNTHMANE, RXDXVIL",brazilian,72
Faz um Vuk Vuk (Teto Espelhado),"MC Kevin o Chris, Dj Nk Da Serra, Mc Magrinho",brazilian,72
Te Maceto Depois Do Baile,"DJ Zigão, DJ Lafon Do Md, Mc Rodrigo do CN, Mc Rf",brazilian,69
MTG QUEM NÃO QUER SOU EU,"DJ TOPO, Seu Jorge, Mc Leozin, MC G15",brazilian,77
Ela Joga na Hora,"Mc Pogba, DJ Guih Da ZO",brazilian,78
THE BOX MEDLEY FUNK 2,"THE BOX, Mc Brinquedo, MC Cebezinho, MC Tuto, Mc Laranjinha, DJ Oreia",brazilian,78
Louca Encubada,"Dj Samir, Rodricci, Launch13",brazilian,71
DANÇA PRA ME PROVOCAR,"DJ JOÃO PEREIRA, MC Koringa",brazilian,68
Tá OK,"DENNIS, MC Kevin o Chris",brazilian,71
WHINE IN BRAZIL FUNK,Ichiss,brazilian,72
TUMBÁTUM,"Tropa do Bruxo, SMU, Dj Vitin do Pc, MC JF, MC NAHARA",brazilian,70
Onlar Anlamaz Halden,Semicenk,turkish,75
Geçiyor Zaman,Semicenk,turkish,75
Kader Sağ Olsun,Semicenk,turkish,70
Küle Dönmüşsün,"Semicenk, Doğu Swag",turkish,72
Önümüz Yaz,Simge,turkish,74
Kafamın İçi,"Ebru Yaşar, Siyam, Zeyd",turkish,68
Lan,Zeynep Bastık,turkish,69
Self Care,Mac Miller,hip-hop,73
"I'm Good Luv, Enjoy.",Aaron May,hip-hop,75
Doomsday,"MF DOOM, Pebbles The Invisible Girl",hip-hop,72
"Darling, I (feat. Teezo Touchdown)","Tyler, The Creator, Teezo Touchdown",hip-hop,87
Jukebox Joints (feat. Joe Fox & Kanye West),"A$AP Rocky, Joe Fox, Kanye West",hip-hop,72
A Cold Sunday,Lil Yachty,hip-hop,72
infinity (888) - feat. Joey Bada$$,"XXXTENTACION, Joey Bada$$",hip-hop,70
MY EYES,Travis Scott,hip-hop,82
Devil In A New Dress,"Kanye West, Rick Ross",hip-hop,76
Love Yourz,J. Cole,hip-hop,73
Go Flex,Post Malone,hip-hop,72
Champagne Shots,Sainté,hip-hop,68
Rich Spirit,Kendrick Lamar,hip-hop,73
I Smoked Away My Brain (I'm God x Demons Mashup) (feat. Imogen Heap & Clams Casino),"A$AP Rocky, Imogen Heap, Clams Casino",hip-hop,84
Falling Down - Bonus Track,"Lil Peep, XXXTENTACION",hip-hop,84
Righteous Minds,Joey Bada$$,hip-hop,68
Everybody Dies In Their Nightmares,XXXTENTACION,hip-hop,81
It Was A Good Day,Ice Cube,hip-hop,78
WUSYANAME (feat. Youngboy Never Broke Again & Ty Dolla $ign),"Tyler, The Creator, YoungBoy Never Broke Again, Ty Dolla $ign",hip-hop,73
Weekend (feat. Miguel),"Mac Miller, Miguel",hip-hop,72
a lot,21 Savage,hip-hop,77
Flashing Lights,"Kanye West, Dwele",hip-hop,83
Redbone,Childish Gambino,hip-hop,78
Passionfruit,Drake,hip-hop,80
Ocean Prime (feat. Boldy James),"The Alchemist, Boldy James",hip-hop,68
Show Me,Joey Bada$$,hip-hop,68
Revenge,XXXTENTACION,hip-hop,84
Embarrassed (feat. Travis Scott),"Don Toliver, Travis Scott",hip-hop,69
Homecoming,"Kanye West, Chris Martin",hip-hop,79
Break from Toronto,PARTYNEXTDOOR,hip-hop,83
You Know How We Do It,Ice Cube,hip-hop,76
Fuck Love,"XXXTENTACION, Trippie Redd",hip-hop,84
DUCKWORTH.,Kendrick Lamar,hip-hop,72
Good Morning,Kanye West,hip-hop,70
Neighbors,J. Cole,hip-hop,68
Teenage Fever,Drake,hip-hop,77
Awolowo,Fido,ambient,71
Holy Ghost,Omah Lay,ambient,70
"Soweto (with Don Toliver, Rema & Tempoe)","Victony, Rema, Tempoe, Don Toliver",ambient,72
Rush,Ayra Starr,ambient,68
Free Mind,Tems,ambient,72
Essence (feat. Tems),"Wizkid, Tems",ambient,70
In My Bed,"Rotimi, Wale",ambient,68
Location (feat. Burna Boy),"Dave, Burna Boy",ambient,73
Higher,Tems,ambient,72
KU LO SA - A COLORS SHOW,Oxlade,ambient,70
Touches,Somnum Magnam,ambient,72
Rosyln,"Bon Iver, St. Vincent",ambient,75
Lights Are On,Tom Rosenthal,ambient,77
Take Me To Church,Hozier,ambient,81
cardigan,Taylor Swift,ambient,83
Young And Beautiful,Lana Del Rey,ambient,83
My Love Mine All Mine,Mitski,ambient,88
idfc,blackbear,ambient,71
As the World Caves In,Matt Maltese,ambient,68
The 30th,Billie Eilish,ambient,72
Like Real People Do,Hozier,ambient,72
Happiness is a butterfly,Lana Del Rey,ambient,73
listen before i go,Billie Eilish,ambient,74
Astronomy,Conan Gray,ambient,72
From the Dining Table,Harry Styles,ambient,69
Getting Older,Billie Eilish,ambient,70
rises the moon,Liana Flores,ambient,81
ceilings,Lizzy McAlpine,ambient,80
Sparks,Coldplay,ambient,85
In My Room,Chance Peña,ambient,76
Waiting Room,Phoebe Bridgers,ambient,75
Chemtrails Over The Country Club,Lana Del Rey,ambient,79
How to disappear,Lana Del Rey,ambient,70
Nothing New (feat. Phoebe Bridgers) (Taylor’s Version) (From The Vault),"Taylor Swift, Phoebe Bridgers",ambient,71
State Lines,Novo Amor,ambient,73
Where's My Love - Acoustic,SYML,ambient,72
Apocalypse,Cigarettes After Sex,ambient,87
Anchor,Novo Amor,ambient,78
Brooklyn Baby,Lana Del Rey,ambient,80
Would That I,Hozier,ambient,74
lacy,Olivia Rodrigo,ambient,75
Can’t Catch Me Now - from The Hunger Games: The Ballad of Songbirds & Snakes,Olivia Rodrigo,ambient,72
Feels Like,Gracie Abrams,ambient,73
Black Friday,Tom Odell,ambient,71
Male Fantasy,Billie Eilish,ambient,70
Cherry Wine - Live,Hozier,ambient,68
We'll Never Have Sex,Leith Ross,ambient,68
Margaret (feat. Bleachers),"Lana Del Rey, Bleachers",ambient,78
Miserable Man,David Kushner,ambient,68
Halley's Comet,Billie Eilish,ambient,75
Did It Again,Lil Tecca,hip-hop,72
Wish (feat. Trippie Redd) - Trippie Mix,"Diplo, Trippie Redd",hip-hop,71
Lust,Lil Skies,hip-hop,70
Conceited,Lil Uzi Vert,hip-hop,68
Ransom (with Juice WRLD) - Remix,"Lil Tecca, Juice WRLD",hip-hop,73
Take What You Want (feat. Ozzy Osbourne & Travis Scott),"Post Malone, Ozzy Osbourne, Travis Scott",hip-hop,73
witchblades,"Lil Peep, Lil Tracy",hip-hop,71
Ballin' (with Roddy Ricch),"Mustard, Roddy Ricch",hip-hop,73
Suicidal,YNW Melly,hip-hop,73
Flaws And Sins,Juice WRLD,hip-hop,70
Down With Me,Lil Tecca,hip-hop,70
Wow.,Post Malone,hip-hop,77
Maria I'm Drunk (feat. Justin Bieber & Young Thug),"Travis Scott, Justin Bieber, Young Thug",hip-hop,71
Still Think About You,A Boogie Wit da Hoodie,hip-hop,73
Come & Go (with Marshmello),"Juice WRLD, Marshmello",hip-hop,75
500lbs,Lil Tecca,hip-hop,78
16,Baby Keem,hip-hop,77
Chemical,Post Malone,hip-hop,75
I Just Called To Say I Love You,Stevie Wonder,korean,74
Stay With Me,"CHANYEOL, Punch",korean,69
Sudden Shower,ECLIPSE,korean,70
Christmas Tree,V,korean,69
Boyfriend,YEONJUN,korean,69
Love You With All My Heart,Crush,korean,69
Stay Alive (Prod. SUGA of BTS),Jung Kook,korean,68
Me Fui de Vacaciones,Bad Bunny,world,70
Chachachá,Jósean Log,world,77
Nunca Es Suficiente,"Los Ángeles Azules, Natalia Lafourcade",world,71
Muerte En Hawaii,Calle 13,world,69
Harpy Hare,Yaelokre,folk,76
Russian Bandana,Dhanda Nyoliwala,hip-hop,74
Sifar Safar,Karan Aujla,hip-hop,70
Knife Brows,Dhanda Nyoliwala,hip-hop,68
Baller,"Shubh, Ikky",hip-hop,68
Winning Speech,"Karan Aujla, Mxrci",hip-hop,75
Still Rollin,Shubh,hip-hop,71
9:45,"Prabh Singh, Jay Trak, Rooh Sandhu",hip-hop,73
Cheques,Shubh,hip-hop,75
MVP,Shubh,hip-hop,70
8 ASLE,"Sukha, Chani Nattan, Prodgk, Gurlez Akhtar",hip-hop,68
King Shit,Shubh,hip-hop,72
One Love,Shubh,hip-hop,75
On Top,Karan Aujla,hip-hop,70
Old Money,AP Dhillon,hip-hop,71
Tu hai kahan,AUR,hip-hop,75
Bandana,Shubh,hip-hop,73
Yamore,"MoBlack, Salif Keita, Benja (NL), Franc Fala, Cesária Evora",electronic,75
My Love (2024),"Alex Wann, Route 94, Jess Glynne",electronic,69
Forever (feat. Malou & Yuna),"HUGEL, Diplo, Malou, Yuna",electronic,71
Beso (Fruta Fresca),"Wakyin, Carlos Vives",electronic,70
Sideways,"Gordo, Drake",electronic,70
Famax - Edit,RAFFA GUIDO,electronic,69
Waltz,Fabrizio Paterlini,classical,71
Nuvole Bianche,Ludovico Einaudi,classical,70
Idea 1,Gibran Alcocer,classical,71
Oceans Apart,Ben Crosland,classical,70
Idea 9,Gibran Alcocer,classical,72
Time,Hans Zimmer,classical,71
Nightcall,Kavinsky,electronic,73
stellar,".diedlonely, énouement",electronic,70
memories,leadwave,electronic,70
I'm God,"Clams Casino, Imogen Heap",electronic,74
Resonance,Home,electronic,68
A Bird's Last Look,Macabre Plaza,electronic,72
Veridis Quo,Daft Punk,electronic,70
Dark Beach,Pastel Ghost,electronic,73
LET GO,Central Cee,hip-hop,72
2MS,Nemzzz,hip-hop,69
UK Rap,"Dave, Central Cee",hip-hop,69
Eres,Café Tacvba,rock,74
La Camisa Negra,Juanes,rock,72
A Dios Le Pido,Juanes,rock,72
Es Por Ti,Juanes,rock,77
Luz De Dia,Los Enanitos Verdes,rock,70
Mientes,Camila,rock,77
Todo Cambió,Camila,rock,75
Fotografía,"Juanes, Nelly Furtado",rock,68
Te Lo Pido por Favor,Jaguares,rock,68
Maldito duende,Heroes Del Silencio,rock,68
Nada Valgo Sin Tu Amor,Juanes,rock,70
La Célula Que Explota,Caifanes,rock,72
Afuera,Caifanes,rock,73
Agua,Jarabe De Palo,rock,68
Como te extraño mi amor,Café Tacvba,rock,69
Devuélveme a mi chica,Hombres G,rock,78
Lamento Boliviano,Los Enanitos Verdes,rock,77
Te quiero,Hombres G,rock,68
Clavado en Un Bar,Maná,rock,74
Chammak Challo,"Akon, Hamsika Iyer",indian,72
Proper Patola,"Badshah, Diljit Dosanjh, Aastha Gill",indian,70
Papaoutai,Stromae,electronic,70
Djadja,Aya Nakamura,electronic,68
Je veux,Zaz,electronic,68
Casanova,"Soolking, Gazo",electronic,71
Voyage voyage,Desireless,electronic,70
Dernière danse,Indila,electronic,77
Love Story,Indila,electronic,74
Formidable,Stromae,electronic,70
Petit génie,"Jungeli, Imen Es, Alonzo, Abou Debeing, Lossa",electronic,71
Seya,"SativaMusic, Morad, GIMS",electronic,73
Tous les mêmes,Stromae,electronic,68
Est-ce que tu m'aimes ? - Pilule bleue,GIMS,electronic,74
Solitaire,Werenoi,electronic,68
Imagine,Carbonne,electronic,74
MANON B,"Tiakola, Ryflo, Oskoow",electronic,69
PONA NINI,"Tiakola, Genezio, Prototype",electronic,71
Tieduprightnow,Parcels,indie,71
Borderline,Tame Impala,indie,79
Is It True,Tame Impala,indie,68
Calm Down,Rema,latin,69
Fountains (with Tems),"Drake, Tems",latin,68
UNAVAILABLE (feat. Musa Keys),"Davido, Musa Keys",latin,69
People,Libianca,latin,76
soso,Omah Lay,latin,74
KANTE (feat. Fave),"Davido, FAVE",latin,69
Barcelona,"Alan Walker, Ina Wroldsen",pop,69
